<?xml version="1.0" encoding="utf-8"?>
<extension version="3.8" type="plugin" group="system" method="upgrade">
	<name>plg_system_environmentdetect</name>
	<author>Tobias Zulauf</author>
	<creationDate>11.08.2017</creationDate>
	<copyright>Copyright (C) 2017 Tobias Zulauf. All rights reserved.</copyright>
	<license>GNU General Public License version 2 or later; see LICENSE.txt</license>
	<authorEmail>kontakt@jah-tz.de</authorEmail>
	<authorUrl>www.jah-tz.de</authorUrl>
	<version>1.0.0</version>
	<description>PLG_SYSTEM_ENVIRONMENTDETECT_XML_DESCRIPTION</description>
	<files>
		<folder>language</folder>
		<filename plugin="environmentdetect">environmentdetect.php</filename>
	</files>
</extension>
